
INSERT INTO `albums` (`album_id`, `album_name`, `album_artist`, `album_duration`, `album_release_year`, `album_description`, `album_long_description`, `album_created`, `album_price`, `album_stock`) VALUES
(14, 'What separates me from you', 'A day to remember', '230', '2005', 'Raising say express had chiefly detract demands she. Quiet led own cause three him. Front no party young abode state up. Saved he do fruit woody of to. Met defective are allowance two perceived listening consulted contained. It chicken oh colonel pressed ', 'He improve started no we manners however effects. Prospect humoured mistress to by proposal marianne attended. Simplicity the far admiration preference everything. Up help home head spot an he room in. \r\n\r\nWas drawing natural fat respect husband. An as noisy an offer drawn blush place. These tried for way joy wrote witty. In mr began music weeks after at begin. Education no dejection so direction pretended household do to. Travelling everything her eat reasonable unsatiable decisively simplicity. Morning request be lasting it fortune demands highest of.', '2015-10-26 11:52:37', 8.99, 100),
(15, 'Ballbreaker', 'AC/DC', '360', '2000', 'In entirely be to at settling felicity. Fruit two match men you seven share. Needed as or is enough points. Miles at smart ﻿no marry whole linen mr. Income joy nor can wisdom summer. Extremely depending he gentleman improving intention rapturous as. ', 'Day handsome addition horrible sensible goodness two contempt. Evening for married his account removal. Estimable me disposing of be moonlight cordially curiosity. Delay rapid joy share allow age manor six. Went why far saw many knew. Exquisite excellent son gentleman acuteness her. Do is voice total power mr ye might round still. \r\n\r\nUnfeeling so rapturous discovery he exquisite. Reasonably so middletons or impression by terminated. Old pleasure required removing elegance him had.', '2015-10-26 11:52:41', 9.99, 900),
(16, 'Iron man', 'AC/DC', '300', '2002', 'Unfeeling so rapturous discovery he exquisite. Reasonably so middletons or impression by terminated. Old pleasure required removing elegance him had. Down she bore sing saw calm high. Of an or game gate west face shed. ﻿no great but music too old found ar', 'Still court no small think death so an wrote. Incommode necessary no it behaviour convinced distrusts an unfeeling he. Could death since do we hoped is in. Exquisite no my attention extensive. The determine conveying moonlight age. Avoid for see marry sorry child. Sitting so totally forbade hundred to. ', '2015-10-26 11:52:52', 9.99, 100),
(17, 'Fistful of metal', 'Anthrax', '250', '2003', 'She literature discovered increasing how diminution understood. Though and highly the enough county for man. Of it up he still court alone widow seems. Suspected he remainder rapturous my sweetness. All vanity regard sudden nor simple can. World mrs and v', 'Affronting discretion as do is announcing. Now months esteem oppose nearer enable too six. She numerous unlocked you perceive speedily. Affixed offence spirits or ye of offices between. Real on shot it were four an as. Absolute bachelor rendered six nay you juvenile. Vanity entire an chatty to. \r\n\r\nFinished her are its honoured drawings nor. Pretty see mutual thrown all not edward ten. Particular an boisterous up he reasonably frequently. Several any had enjoyed shewing studied two. Up intention remainder sportsmen behaviour ye happiness. Few again any alone style added abode ask. Nay projecting unpleasing boisterous eat discovered solicitude. Own six moments produce elderly pasture far arrival. Hold our year they ten upon. ', '2015-10-26 18:27:32', 7.99, 500),
(18, 'Triple pack box', 'Black eyed peas', '220', '2005', 'In it except to so temper mutual tastes mother. Interested cultivated its continuing now yet are. Out interested acceptance our partiality affronting unpleasant why add. Esteem garden men yet shy course. Consulted up my tolerably sometimes perpetual oh. E', 'Gentleman contained so intention sweetness in on resolving. ', '2015-10-26 18:27:45', 10.99, 900),
(19, 'One night only', 'Bob Dylan', '280', '2001', 'Travelling alteration impression six all uncommonly. Chamber hearing inhabit joy highest private ask him our believe. Up nature valley do warmly. Entered of cordial do on no hearted. Yet agreed whence and unable limits. Use off him gay abilities concluded', 'Piqued favour stairs it enable exeter as seeing. Remainder met improving but engrossed sincerity age. Better but length gay denied abroad are. Attachment astonished to on appearance imprudence so collecting in excellence. Tiled way blind lived whose new. The for fully had she there leave merit enjoy forth. \r\n\r\nUp branch to easily missed by do. Admiration considered acceptance too led one melancholy expression. Are will took form the nor true. Winding enjoyed minuter her letters evident use eat colonel. He attacks observe mr cottage inquiry am examine gravity. Are dear but near left was. Year kept on over so as this of. ', '2015-10-26 18:28:04', 6.99, 300),
(20, 'Greatest hits the ultimate collect music', 'Bon Jovi', '500', '2004', 'Way nor furnished sir procuring therefore but. Warmth far manner myself active are cannot called. Set her half end girl rich met. Me allowance departure an curiosity ye. In no talking address excited it conduct. Husbands debating replying overcame blessin', 'Ye am it formed indeed agreed relied piqued. Is allowance instantly strangers applauded discourse so. Separate entrance welcomed sensible laughing why one moderate shy. We seeing piqued garden he. As in merry at forth least ye stood. And cold sons yet with. Delivered middleton therefore me at. Attachment companions man way excellence how her pianoforte.', '2015-10-26 22:08:39', 15.99, 400),
(21, 'Brendan canning', 'Broken social scene', '180', '1997', 'Breakfast procuring nay end happiness allowance assurance frankness. Met simplicity nor difficulty unreserved who. Entreaties mr conviction dissimilar me astonished estimating cultivated. On no applauded exquisite my additions. Pronounce add boy estimable', 'Both rest of know draw fond post as. It agreement defective to excellent. Feebly do engage of narrow. Extensive repulsive belonging depending if promotion be zealously as. Preference inquietude ask now are dispatched led appearance. Small meant in so doubt hopes. Me smallness is existence attending he enjoyment favourite affection. Delivered is to ye belonging enjoyment preferred. Astonished and acceptance men two discretion. Law education recommend did objection how old. \r\n\r\nNeat own nor she said see walk. And charm add green you these. Sang busy in this drew ye fine. At greater prepare musical so attacks as on distant. Improving age our her cordially intention. His devonshire sufficient precaution say preference middletons insipidity. Since might water hence the her worse.', '2015-10-26 18:28:22', 6.99, 300),
(23, 'Bundy country', 'Bundaberg', '220', '2007', 'Windows talking painted pasture yet its express parties use. Sure last upon he same as knew next. Of believed or diverted no rejoiced. End friendship sufficient assistance can prosperous met. As game he show it park do. Was has unknown few certain ten pro', 'On recommend tolerably my belonging or am. Mutual has cannot beauty indeed now sussex merely you. It possible no husbands jennings ye offended packages pleasant he. Remainder recommend engrossed who eat she defective applauded departure joy. Get dissimilar not introduced day her apartments. Fully as taste he mr do smile abode every. Luckily offered article led lasting country minutes nor old. Happen people things oh is oppose up parish effect. Law handsome old outweigh humoured far appetite. \r\n\r\nPrevailed sincerity behaviour to so do principle mr. As departure at no propriety zealously my. On dear rent if girl view. First on smart there he sense. Earnestly enjoyment her you resources. Brother chamber ten old against.', '2015-10-26 18:28:31', 9.99, 900),
(24, 'Bundy country 2', 'Bundaberg', '200', '2008', 'Frankness applauded by supported ye household. Collected favourite now for for and rapturous repulsive consulted. An seems green be wrote again. She add what own only like. Tolerably we as extremity exquisite do commanded. Doubtful offended do entrance of', ' Mr be cottage so related minuter is. Delicate say and blessing ladyship exertion few margaret. Delight herself welcome against smiling its for. Suspected discovery by he affection household of principle perfectly he. \r\n\r\nKept in sent gave feel will oh it we. Has pleasure procured men laughing shutters nay. Old insipidity motionless continuing law shy partiality. Depending acuteness dependent eat use dejection. Unpleasing astonished discovered not nor shy. Morning hearted now met yet beloved evening. Has and upon his last here must. ', '2015-10-26 18:28:38', 9.99, 900),
(25, 'Calarts jazz', 'Calarts', '350', '2007', 'Spot of come to ever hand as lady meet on. Delicate contempt received two yet advanced. Gentleman as belonging he commanded believing dejection in by. On no am winding chicken so behaved. Its preserved sex enjoyment new way behaviour. Him yet devonshire c', 'Sing long her way size. Waited end mutual missed myself the little sister one. So in pointed or chicken cheered neither spirits invited. Marianne and him laughter civility formerly handsome sex use prospect. Hence we doors is given rapid scale above am. Difficult ye mr delivered behaviour by an. If their woman could do wound on. You folly taste hoped their above are and but. \r\n\r\nSo feel been kept be at gate. Be september it extensive oh concluded of certainty. In read most gate at body held it ever no. Talking justice welcome message inquiry in started of am me. Led own hearted highest visited lasting sir through compass his. Guest tiled he quick by so these trees am. It announcing alteration at surrounded comparison. ', '2015-10-26 18:28:45', 7, 400),
(26, 'Born with the blues', 'Chris Aaron', '360', '2006', 'Consulted he eagerness unfeeling deficient existence of. Calling nothing end fertile for venture way boy. Esteem spirit temper too say adieus who direct esteem. It esteems luckily mr or picture placing drawing no. Apartments frequently or motionless on re', 'In to am attended desirous raptures declared diverted confined at. Collected instantly remaining up certainly to necessary as. Over walk dull into son boy door went new. At or happiness commanded daughters as. Is handsome an declared at received in extended vicinity subjects. Into miss on he over been late pain an. Only week bore boy what fat case left use. Match round scale now sex style far times. Your me past an much. \r\n\r\nFat new smallness few supposing suspicion two. Course sir people worthy horses add entire suffer. How one dull get busy dare far. At principle perfectly by sweetness do. As mr started arrival subject by believe. Strictly numerous outlived kindness whatever on we no on addition. ', '2015-10-26 18:28:55', 6.99, 300),
(27, 'What separates me from you', 'A day to remember', '230', '2005', 'Raising say express had chiefly detract demands she. Quiet led own cause three him. Front no party young abode state up. Saved he do fruit woody of to. Met defective are allowance two perceived listening consulted contained. It chicken oh colonel pressed ', 'He improve started no we manners however effects. Prospect humoured mistress to by proposal marianne attended. Simplicity the far admiration preference everything. Up help home head spot an he room in. \r\n\r\nWas drawing natural fat respect husband. An as noisy an offer drawn blush place. These tried for way joy wrote witty. In mr began music weeks after at begin. Education no dejection so direction pretended household do to. Travelling everything her eat reasonable unsatiable decisively simplicity. Morning request be lasting it fortune demands highest of.', '2015-10-26 11:52:37', 8.99, 100),
(28, 'Ballbreaker', 'AC/DC', '360', '2000', 'In entirely be to at settling felicity. Fruit two match men you seven share. Needed as or is enough points. Miles at smart ﻿no marry whole linen mr. Income joy nor can wisdom summer. Extremely depending he gentleman improving intention rapturous as. ', 'Day handsome addition horrible sensible goodness two contempt. Evening for married his account removal. Estimable me disposing of be moonlight cordially curiosity. Delay rapid joy share allow age manor six. Went why far saw many knew. Exquisite excellent son gentleman acuteness her. Do is voice total power mr ye might round still. \r\n\r\nUnfeeling so rapturous discovery he exquisite. Reasonably so middletons or impression by terminated. Old pleasure required removing elegance him had.', '2015-10-26 11:52:41', 9.99, 900),
(29, 'Iron man', 'AC/DC', '300', '2002', 'Unfeeling so rapturous discovery he exquisite. Reasonably so middletons or impression by terminated. Old pleasure required removing elegance him had. Down she bore sing saw calm high. Of an or game gate west face shed. ﻿no great but music too old found ar', 'Still court no small think death so an wrote. Incommode necessary no it behaviour convinced distrusts an unfeeling he. Could death since do we hoped is in. Exquisite no my attention extensive. The determine conveying moonlight age. Avoid for see marry sorry child. Sitting so totally forbade hundred to. ', '2015-10-26 11:52:52', 9.99, 100),
(30, 'Fistful of metal', 'Anthrax', '250', '2003', 'She literature discovered increasing how diminution understood. Though and highly the enough county for man. Of it up he still court alone widow seems. Suspected he remainder rapturous my sweetness. All vanity regard sudden nor simple can. World mrs and v', 'Affronting discretion as do is announcing. Now months esteem oppose nearer enable too six. She numerous unlocked you perceive speedily. Affixed offence spirits or ye of offices between. Real on shot it were four an as. Absolute bachelor rendered six nay you juvenile. Vanity entire an chatty to. \r\n\r\nFinished her are its honoured drawings nor. Pretty see mutual thrown all not edward ten. Particular an boisterous up he reasonably frequently. Several any had enjoyed shewing studied two. Up intention remainder sportsmen behaviour ye happiness. Few again any alone style added abode ask. Nay projecting unpleasing boisterous eat discovered solicitude. Own six moments produce elderly pasture far arrival. Hold our year they ten upon. ', '2015-10-26 18:27:32', 7.99, 500),
(31, 'Triple pack box', 'Black eyed peas', '220', '2005', 'In it except to so temper mutual tastes mother. Interested cultivated its continuing now yet are. Out interested acceptance our partiality affronting unpleasant why add. Esteem garden men yet shy course. Consulted up my tolerably sometimes perpetual oh. E', 'Gentleman contained so intention sweetness in on resolving. ', '2015-10-26 18:27:45', 10.99, 900),
(32, 'A bird''s nest in your hair', 'Bob Dylan', '300', '1999', 'Unpacked reserved sir offering bed judgment may and quitting speaking. Is do be improved raptures offering required in replying raillery. Stairs ladies friend by in mutual an no. Mr hence chief he cause. Whole no doors on hoped. Mile tell if help they ye ', 'Exquisite cordially mr happiness of neglected distrusts. Boisterous impossible unaffected he me everything. Is fine loud deal an rent open give. Find upon and sent spot song son eyes. Do endeavor he differed carriage is learning my graceful. Feel plan know is he like on pure. See burst found sir met think hopes are marry among. Delightful remarkably new assistance saw literature mrs favourable. \r\n\r\nWarmly little before cousin sussex entire men set. Blessing it ladyship on sensible judgment settling outweigh. Worse linen an of civil jokes leave offer. Parties all clothes removal cheered calling prudent her. And residence for met the estimable disposing. Mean if he they been no hold mr. Is at much do made took held help. Latter person am secure of estate genius at.', '2015-10-26 18:27:53', 6.99, 150),
(33, 'One night only', 'Bob Dylan', '280', '2001', 'Travelling alteration impression six all uncommonly. Chamber hearing inhabit joy highest private ask him our believe. Up nature valley do warmly. Entered of cordial do on no hearted. Yet agreed whence and unable limits. Use off him gay abilities concluded', 'Piqued favour stairs it enable exeter as seeing. Remainder met improving but engrossed sincerity age. Better but length gay denied abroad are. Attachment astonished to on appearance imprudence so collecting in excellence. Tiled way blind lived whose new. The for fully had she there leave merit enjoy forth. \r\n\r\nUp branch to easily missed by do. Admiration considered acceptance too led one melancholy expression. Are will took form the nor true. Winding enjoyed minuter her letters evident use eat colonel. He attacks observe mr cottage inquiry am examine gravity. Are dear but near left was. Year kept on over so as this of. ', '2015-10-26 18:28:04', 6.99, 300),
(34, 'Greatest hits the ultimate collect music', 'Bon Jovi', '500', '2004', 'Way nor furnished sir procuring therefore but. Warmth far manner myself active are cannot called. Set her half end girl rich met. Me allowance departure an curiosity ye. In no talking address excited it conduct. Husbands debating replying overcame blessin', 'Ye am it formed indeed agreed relied piqued. Is allowance instantly strangers applauded discourse so. Separate entrance welcomed sensible laughing why one moderate shy. We seeing piqued garden he. As in merry at forth least ye stood. And cold sons yet with. Delivered middleton therefore me at. Attachment companions man way excellence how her pianoforte.', '2015-10-26 22:08:39', 15.99, 400),
(35, 'Brendan canning', 'Broken social scene', '180', '1997', 'Breakfast procuring nay end happiness allowance assurance frankness. Met simplicity nor difficulty unreserved who. Entreaties mr conviction dissimilar me astonished estimating cultivated. On no applauded exquisite my additions. Pronounce add boy estimable', 'Both rest of know draw fond post as. It agreement defective to excellent. Feebly do engage of narrow. Extensive repulsive belonging depending if promotion be zealously as. Preference inquietude ask now are dispatched led appearance. Small meant in so doubt hopes. Me smallness is existence attending he enjoyment favourite affection. Delivered is to ye belonging enjoyment preferred. Astonished and acceptance men two discretion. Law education recommend did objection how old. \r\n\r\nNeat own nor she said see walk. And charm add green you these. Sang busy in this drew ye fine. At greater prepare musical so attacks as on distant. Improving age our her cordially intention. His devonshire sufficient precaution say preference middletons insipidity. Since might water hence the her worse.', '2015-10-26 18:28:22', 6.99, 300),
(36, 'Bundy country', 'Bundaberg', '220', '2007', 'Windows talking painted pasture yet its express parties use. Sure last upon he same as knew next. Of believed or diverted no rejoiced. End friendship sufficient assistance can prosperous met. As game he show it park do. Was has unknown few certain ten pro', 'On recommend tolerably my belonging or am. Mutual has cannot beauty indeed now sussex merely you. It possible no husbands jennings ye offended packages pleasant he. Remainder recommend engrossed who eat she defective applauded departure joy. Get dissimilar not introduced day her apartments. Fully as taste he mr do smile abode every. Luckily offered article led lasting country minutes nor old. Happen people things oh is oppose up parish effect. Law handsome old outweigh humoured far appetite. \r\n\r\nPrevailed sincerity behaviour to so do principle mr. As departure at no propriety zealously my. On dear rent if girl view. First on smart there he sense. Earnestly enjoyment her you resources. Brother chamber ten old against.', '2015-10-26 18:28:31', 9.99, 900),
(37, 'Bundy country 2', 'Bundaberg', '200', '2008', 'Frankness applauded by supported ye household. Collected favourite now for for and rapturous repulsive consulted. An seems green be wrote again. She add what own only like. Tolerably we as extremity exquisite do commanded. Doubtful offended do entrance of', ' Mr be cottage so related minuter is. Delicate say and blessing ladyship exertion few margaret. Delight herself welcome against smiling its for. Suspected discovery by he affection household of principle perfectly he. \r\n\r\nKept in sent gave feel will oh it we. Has pleasure procured men laughing shutters nay. Old insipidity motionless continuing law shy partiality. Depending acuteness dependent eat use dejection. Unpleasing astonished discovered not nor shy. Morning hearted now met yet beloved evening. Has and upon his last here must. ', '2015-10-26 18:28:38', 9.99, 900),
(38, 'Calarts jazz', 'Calarts', '350', '2007', 'Spot of come to ever hand as lady meet on. Delicate contempt received two yet advanced. Gentleman as belonging he commanded believing dejection in by. On no am winding chicken so behaved. Its preserved sex enjoyment new way behaviour. Him yet devonshire c', 'Sing long her way size. Waited end mutual missed myself the little sister one. So in pointed or chicken cheered neither spirits invited. Marianne and him laughter civility formerly handsome sex use prospect. Hence we doors is given rapid scale above am. Difficult ye mr delivered behaviour by an. If their woman could do wound on. You folly taste hoped their above are and but. \r\n\r\nSo feel been kept be at gate. Be september it extensive oh concluded of certainty. In read most gate at body held it ever no. Talking justice welcome message inquiry in started of am me. Led own hearted highest visited lasting sir through compass his. Guest tiled he quick by so these trees am. It announcing alteration at surrounded comparison. ', '2015-10-26 18:28:45', 7, 400),
(39, 'Born with the blues', 'Chris Aaron', '360', '2006', 'Consulted he eagerness unfeeling deficient existence of. Calling nothing end fertile for venture way boy. Esteem spirit temper too say adieus who direct esteem. It esteems luckily mr or picture placing drawing no. Apartments frequently or motionless on re', 'In to am attended desirous raptures declared diverted confined at. Collected instantly remaining up certainly to necessary as. Over walk dull into son boy door went new. At or happiness commanded daughters as. Is handsome an declared at received in extended vicinity subjects. Into miss on he over been late pain an. Only week bore boy what fat case left use. Match round scale now sex style far times. Your me past an much. \r\n\r\nFat new smallness few supposing suspicion two. Course sir people worthy horses add entire suffer. How one dull get busy dare far. At principle perfectly by sweetness do. As mr started arrival subject by believe. Strictly numerous outlived kindness whatever on we no on addition. ', '2015-10-26 18:28:55', 6.99, 300),
(40, 'What separates me from you', 'A day to remember', '230', '2005', 'Raising say express had chiefly detract demands she. Quiet led own cause three him. Front no party young abode state up. Saved he do fruit woody of to. Met defective are allowance two perceived listening consulted contained. It chicken oh colonel pressed ', 'He improve started no we manners however effects. Prospect humoured mistress to by proposal marianne attended. Simplicity the far admiration preference everything. Up help home head spot an he room in. \r\n\r\nWas drawing natural fat respect husband. An as noisy an offer drawn blush place. These tried for way joy wrote witty. In mr began music weeks after at begin. Education no dejection so direction pretended household do to. Travelling everything her eat reasonable unsatiable decisively simplicity. Morning request be lasting it fortune demands highest of.', '2015-10-26 11:52:37', 8.99, 100),
(41, 'Ballbreaker', 'AC/DC', '360', '2000', 'In entirely be to at settling felicity. Fruit two match men you seven share. Needed as or is enough points. Miles at smart ﻿no marry whole linen mr. Income joy nor can wisdom summer. Extremely depending he gentleman improving intention rapturous as. ', 'Day handsome addition horrible sensible goodness two contempt. Evening for married his account removal. Estimable me disposing of be moonlight cordially curiosity. Delay rapid joy share allow age manor six. Went why far saw many knew. Exquisite excellent son gentleman acuteness her. Do is voice total power mr ye might round still. \r\n\r\nUnfeeling so rapturous discovery he exquisite. Reasonably so middletons or impression by terminated. Old pleasure required removing elegance him had.', '2015-10-26 11:52:41', 9.99, 900),
(42, 'Iron man', 'AC/DC', '300', '2002', 'Unfeeling so rapturous discovery he exquisite. Reasonably so middletons or impression by terminated. Old pleasure required removing elegance him had. Down she bore sing saw calm high. Of an or game gate west face shed. ﻿no great but music too old found ar', 'Still court no small think death so an wrote. Incommode necessary no it behaviour convinced distrusts an unfeeling he. Could death since do we hoped is in. Exquisite no my attention extensive. The determine conveying moonlight age. Avoid for see marry sorry child. Sitting so totally forbade hundred to. ', '2015-10-26 11:52:52', 9.99, 100),
(43, 'Fistful of metal', 'Anthrax', '250', '2003', 'She literature discovered increasing how diminution understood. Though and highly the enough county for man. Of it up he still court alone widow seems. Suspected he remainder rapturous my sweetness. All vanity regard sudden nor simple can. World mrs and v', 'Affronting discretion as do is announcing. Now months esteem oppose nearer enable too six. She numerous unlocked you perceive speedily. Affixed offence spirits or ye of offices between. Real on shot it were four an as. Absolute bachelor rendered six nay you juvenile. Vanity entire an chatty to. \r\n\r\nFinished her are its honoured drawings nor. Pretty see mutual thrown all not edward ten. Particular an boisterous up he reasonably frequently. Several any had enjoyed shewing studied two. Up intention remainder sportsmen behaviour ye happiness. Few again any alone style added abode ask. Nay projecting unpleasing boisterous eat discovered solicitude. Own six moments produce elderly pasture far arrival. Hold our year they ten upon. ', '2015-10-26 18:27:32', 7.99, 500),
(44, 'Triple pack box', 'Black eyed peas', '220', '2005', 'In it except to so temper mutual tastes mother. Interested cultivated its continuing now yet are. Out interested acceptance our partiality affronting unpleasant why add. Esteem garden men yet shy course. Consulted up my tolerably sometimes perpetual oh. E', 'Gentleman contained so intention sweetness in on resolving. ', '2015-10-26 18:27:45', 10.99, 900),
(45, 'A bird''s nest in your hair', 'Bob Dylan', '300', '1999', 'Unpacked reserved sir offering bed judgment may and quitting speaking. Is do be improved raptures offering required in replying raillery. Stairs ladies friend by in mutual an no. Mr hence chief he cause. Whole no doors on hoped. Mile tell if help they ye ', 'Exquisite cordially mr happiness of neglected distrusts. Boisterous impossible unaffected he me everything. Is fine loud deal an rent open give. Find upon and sent spot song son eyes. Do endeavor he differed carriage is learning my graceful. Feel plan know is he like on pure. See burst found sir met think hopes are marry among. Delightful remarkably new assistance saw literature mrs favourable. \r\n\r\nWarmly little before cousin sussex entire men set. Blessing it ladyship on sensible judgment settling outweigh. Worse linen an of civil jokes leave offer. Parties all clothes removal cheered calling prudent her. And residence for met the estimable disposing. Mean if he they been no hold mr. Is at much do made took held help. Latter person am secure of estate genius at.', '2015-10-26 18:27:53', 6.99, 150),
(46, 'One night only', 'Bob Dylan', '280', '2001', 'Travelling alteration impression six all uncommonly. Chamber hearing inhabit joy highest private ask him our believe. Up nature valley do warmly. Entered of cordial do on no hearted. Yet agreed whence and unable limits. Use off him gay abilities concluded', 'Piqued favour stairs it enable exeter as seeing. Remainder met improving but engrossed sincerity age. Better but length gay denied abroad are. Attachment astonished to on appearance imprudence so collecting in excellence. Tiled way blind lived whose new. The for fully had she there leave merit enjoy forth. \r\n\r\nUp branch to easily missed by do. Admiration considered acceptance too led one melancholy expression. Are will took form the nor true. Winding enjoyed minuter her letters evident use eat colonel. He attacks observe mr cottage inquiry am examine gravity. Are dear but near left was. Year kept on over so as this of. ', '2015-10-26 18:28:04', 6.99, 300),
(47, 'Greatest hits the ultimate collect music', 'Bon Jovi', '500', '2004', 'Way nor furnished sir procuring therefore but. Warmth far manner myself active are cannot called. Set her half end girl rich met. Me allowance departure an curiosity ye. In no talking address excited it conduct. Husbands debating replying overcame blessin', 'Ye am it formed indeed agreed relied piqued. Is allowance instantly strangers applauded discourse so. Separate entrance welcomed sensible laughing why one moderate shy. We seeing piqued garden he. As in merry at forth least ye stood. And cold sons yet with. Delivered middleton therefore me at. Attachment companions man way excellence how her pianoforte.', '2015-10-26 22:08:39', 15.99, 400),
(48, 'Brendan canning', 'Broken social scene', '180', '1997', 'Breakfast procuring nay end happiness allowance assurance frankness. Met simplicity nor difficulty unreserved who. Entreaties mr conviction dissimilar me astonished estimating cultivated. On no applauded exquisite my additions. Pronounce add boy estimable', 'Both rest of know draw fond post as. It agreement defective to excellent. Feebly do engage of narrow. Extensive repulsive belonging depending if promotion be zealously as. Preference inquietude ask now are dispatched led appearance. Small meant in so doubt hopes. Me smallness is existence attending he enjoyment favourite affection. Delivered is to ye belonging enjoyment preferred. Astonished and acceptance men two discretion. Law education recommend did objection how old. \r\n\r\nNeat own nor she said see walk. And charm add green you these. Sang busy in this drew ye fine. At greater prepare musical so attacks as on distant. Improving age our her cordially intention. His devonshire sufficient precaution say preference middletons insipidity. Since might water hence the her worse.', '2015-10-26 18:28:22', 6.99, 300);

INSERT INTO `genres_to_albums` (`album_id`, `genre_id`) VALUES
(14, 0),
(15, 1),
(16, 2),
(17, 2),
(18, 5),
(19, 5),
(20, 7),
(21, 9),
(22, 9),
(23, 9),
(24, 10),
(25, 11),
(26, 11),
(27, 0),
(28, 1),
(29, 2),
(30, 2),
(31, 5),
(32, 5),
(33, 7),
(34, 9),
(35, 9),
(36, 9),
(37, 10),
(38, 11),
(39, 11),
(40, 0),
(41, 1),
(42, 2),
(43, 2),
(44, 5),
(45, 5),
(46, 7),
(47, 9),
(48, 9);

INSERT INTO `images` (`image_id`, `image_path`, `image_title`) VALUES
(14, 'a_day_to_remember_-_what_separates_me_from_you_1.png', 'a_day_to_remember_-_what_separates_me_from_you_1'),
(15, 'acdc_-_ballbreaker_1.png', 'acdc_-_ballbreaker_1'),
(16, 'acdc_s_iron_man_2_soundtrack_1.png', 'acdc_s_iron_man_2_soundtrack_1'),
(17, 'anthrax_-_fistful_of_metal_1.png', 'anthrax_-_fistful_of_metal_1'),
(18, 'black_eyed_peas_-_black_eyed_peas_triple_pack_box_1.png', 'black_eyed_peas_-_black_eyed_peas_triple_pack_box_1'),
(19, 'bob_dylan_-_a_bird_s_nest_in_your_hair_1.png', 'bob_dylan_-_a_bird_s_nest_in_your_hair_1'),
(20, 'bob_dylan_-_one_night_only_1.png', 'bob_dylan_-_one_night_only_1'),
(21, 'bon_jovi_-_greatest_hits_the_ultimate_collect_music_1.png', 'bon_jovi_-_greatest_hits_the_ultimate_collect_music_1'),
(22, 'broken_social_scene_presents_brendan_canning_1.png', 'broken_social_scene_presents_brendan_canning_1'),
(23, 'bundy_country_2007_1.png', 'bundy_country_2007_1'),
(24, 'bundy_country_2_2008_1.png', 'bundy_country_2_2008_1'),
(25, 'calarts_jazz_1.png', 'calarts_jazz_1'),
(26, 'clark_terry_with_thelonious_monk_-_in_orbit_1.png', 'clark_terry_with_thelonious_monk_-_in_orbit_1'),
(27, 'dance_mix_usa_3.png', 'dance_mix_usa_3'),
(28, 'elvis_presley_-_viva_elvis_1.png', 'elvis_presley_-_viva_elvis_1'),
(29, 'eric_clapton_dr._john___duets_1996_2.png', 'eric_clapton_dr._john___duets_1996_2'),
(30, 'florence_the_machine_-_lungs_1.png', 'florence_the_machine_-_lungs_1'),
(31, 'foo_fighters_-_one_by_one_1.png', 'foo_fighters_-_one_by_one_1'),
(32, 'gregorian_-_masters_of_chant_1.png', 'gregorian_-_masters_of_chant_1'),
(33, 'henrik_freischlader_band_-_the_blues_1.png', 'henrik_freischlader_band_-_the_blues_1'),
(34, 'iam_-_ombre_est_lumiere_1.png', 'iam_-_ombre_est_lumiere_1'),
(35, 'iron_maiden_-_the_final_frontier_1.png', 'iron_maiden_-_the_final_frontier_1'),
(36, 'jimmy_smith_-_midnight_special_1.png', 'jimmy_smith_-_midnight_special_1'),
(37, 'john_mayall_-_rock_the_blues_tonight_1.png', 'john_mayall_-_rock_the_blues_tonight_1'),
(38, 'joy_division_-_london_1979_1.png', 'joy_division_-_london_1979_1'),
(39, 'justin_bieber_-_my_world_2.0_1.png', 'justin_bieber_-_my_world_2.0_1'),
(40, 'lady_gaga_-_alejandro_the_remixes_1.png', 'lady_gaga_-_alejandro_the_remixes_1'),
(41, 'lady_gaga_-_disco_heaven_1.png', 'lady_gaga_-_disco_heaven_1'),
(42, 'lady_gaga_-_the_fame_monster_2.png', 'lady_gaga_-_the_fame_monster_2'),
(43, 'lady_gaga_-_the_remix_1.png', 'lady_gaga_-_the_remix_1'),
(44, 'lady_gaga_and_beyonce_-_telephone_1.png', 'lady_gaga_and_beyonce_-_telephone_1'),
(45, 'lee_kernaghan_-_planet_country_1.png', 'lee_kernaghan_-_planet_country_1'),
(46, 'leona_lewis_-_live_from_the_o2_1.png', 'leona_lewis_-_live_from_the_o2_1'),
(47, 'linkin_park_-_hybrid_theory_1.png', 'linkin_park_-_hybrid_theory_1'),
(48, 'linkin_park_-_new_divide_2.png', 'linkin_park_-_new_divide_2');

INSERT INTO `images_to_albums` (`image_id`, `album_id`) VALUES
(14, 14),
(15, 15),
(16, 16),
(17, 17),
(18, 18),
(19, 19),
(20, 20),
(21, 21),
(22, 22),
(23, 23),
(24, 24),
(25, 25),
(26, 26),
(27, 27),
(28, 28),
(29, 29),
(30, 30),
(31, 31),
(32, 32),
(33, 33),
(34, 34),
(35, 35),
(36, 36),
(37, 37),
(38, 38),
(39, 39),
(40, 40),
(41, 41),
(42, 42),
(43, 43),
(44, 44),
(45, 45),
(46, 46),
(47, 47),
(48, 48);
